date,open,high,close,low,volume,price_change,p_change,ma5,ma10,ma20,v_ma5,v_ma10,v_ma20,turnover
2017-07-07,18.18,18.65,18.2,18.07,233363.34,-0.16,-0.87,18.52,18.408,17.973,320165.93,317285.29,369512.79,9.19
2017-07-06,18.57,18.77,18.36,18.2,245594.3,-0.29,-1.55,18.44,18.454,17.918,314056.78,341991.6,378767.27,9.67
2017-07-05,18.61,18.68,18.65,18.15,281395.81,-0.03,-0.16,18.402,18.512,17.859,321121.06,416732.86,396533.8,11.08
2017-07-04,18.69,18.96,18.68,18.4,333325.38,-0.03,-0.16,18.294,18.536,17.761,319841.66,458223.05,405634.85,13.13
2017-07-03,18.15,19.5,18.71,18.15,507150.81,0.91,5.11,18.24,18.385,17.621,316175.85,460793.24,401921.88,19.98
2017-06-30,17.95,18.14,17.8,17.68,202817.59,-0.37,-2.04,18.296,18.182,17.49,314404.65,429654.56,390654.89,7.99
2017-06-29,17.98,18.5,18.17,17.9,280915.69,0.06,0.33,18.468,18.091,17.398,369926.41,437820.03,394225.61,11.07
2017-06-28,18.17,18.41,18.11,17.65,274998.84,-0.3,-1.63,18.622,17.945,17.284,512344.66,429430.06,396791.98,10.83
2017-06-27,18.8,19.1,18.41,18.4,314996.31,-0.58,-3.05,18.778,17.813,17.261,596604.44,429093.02,399168.07,12.41
2017-06-26,18.49,19.28,18.99,18.03,498294.81,0.33,1.77,18.53,17.704,17.208,605410.63,427542.01,404843.45,19.63
2017-06-23,18.43,18.8,18.66,18.01,480426.41,-0.28,-1.48,18.068,17.537,17.125,544904.47,421740.3,400580.12,18.93
2017-06-22,18.9,19.54,18.94,18.56,993006.94,0.05,0.27,17.714,17.382,17.06,505713.64,415542.94,393267.57,39.12
2017-06-21,17.25,18.89,18.89,17.08,696297.75,1.72,10.02,17.268,17.205,16.955,346515.46,376334.74,363583.77,27.43
2017-06-20,16.73,17.5,17.17,16.73,359027.25,0.49,2.94,16.848,16.986,16.923,261581.59,353046.65,345670.17,14.14
2017-06-19,16.82,16.95,16.68,16.42,195764.0,-0.21,-1.24,16.878,16.856,17.034,249673.39,343050.52,350991.23,7.71
2017-06-16,16.75,17.43,16.89,16.7,284472.28,0.18,1.08,17.006,16.798,17.179,298576.13,351655.22,375751.74,11.21
2017-06-15,16.6,17.04,16.71,16.53,197016.02,-0.08,-0.48,17.05,16.704,17.421,325372.24,350631.2,408949.46,7.76
2017-06-14,17.42,17.42,16.79,16.7,271628.41,-0.53,-3.06,17.142,16.622,17.656,406154.01,364153.89,444184.0,10.7
2017-06-13,17.1,17.55,17.32,17.02,299486.25,0.0,0.0,17.124,16.708,17.83,444511.71,369243.12,465495.24,11.8
2017-06-12,16.8,17.65,17.32,16.6,440277.69,0.21,1.23,16.834,16.712,17.972,436427.65,382144.89,490581.66,17.34
2017-06-09,16.91,17.4,17.11,16.36,418452.84,-0.06,-0.35,16.59,16.712,18.099,404734.3,379419.93,499794.37,16.48
2017-06-08,16.62,17.98,17.17,16.5,600924.88,0.47,2.81,16.358,16.737,18.198,375890.16,370992.2,515079.62,23.67
2017-06-07,16.48,16.95,16.7,16.23,463416.88,0.83,5.23,16.102,16.704,18.326,322153.77,350832.79,515957.45,18.26
2017-06-06,15.9,16.01,15.87,15.44,259065.95,-0.23,-1.43,16.292,16.859,18.492,293974.54,338293.68,524161.63,10.21
2017-06-05,16.2,16.68,16.1,16.08,281810.97,0.15,0.94,16.59,17.212,18.811,327862.13,358931.93,561157.55,11.1
2017-06-02,15.78,16.24,15.95,15.31,274232.12,0.06,0.38,16.834,17.559,19.192,354105.56,399848.27,614001.73,10.8
2017-06-01,17.48,17.48,15.89,15.89,332242.91,-1.76,-9.97,17.116,18.138,19.473,366094.23,467267.71,648276.42,13.09
2017-05-31,17.6,17.8,17.65,17.01,322520.75,0.29,1.67,17.306,18.689,19.859,379511.82,524214.11,684038.3,12.7
2017-05-26,17.4,18.1,17.36,17.31,428503.88,0.04,0.23,17.426,18.951,20.082,382612.82,561747.36,710139.28,16.88
2017-05-25,17.05,17.8,17.32,16.38,413028.16,-0.04,-0.23,17.834,19.231,20.288,390001.74,599018.43,756622.48,16.27
2017-05-24,16.78,17.38,17.36,16.55,334175.47,0.53,3.15,18.284,19.485,20.537,445590.97,620168.82,796529.37,13.16
2017-05-23,18.31,18.67,16.84,16.61,399330.84,-1.41,-7.73,19.16,19.659,20.682,568441.19,659167.05,833770.48,15.73
2017-05-22,19.03,19.25,18.25,18.03,338025.75,-1.15,-5.93,20.072,19.948,20.762,668916.41,681082.12,851167.34,13.32
2017-05-19,19.0,19.76,19.4,18.61,465448.47,-0.17,-0.87,20.476,20.125,20.749,740881.89,710029.58,879632.7,18.34
2017-05-18,21.01,21.45,19.57,19.57,690974.31,-2.17,-9.98,20.628,20.409,20.72,808035.11,763383.17,891615.94,27.22
2017-05-17,21.15,22.36,21.74,20.81,948426.56,0.34,1.59,20.686,20.825,20.749,794746.66,828155.19,899137.23,37.36
2017-05-16,19.7,21.65,21.4,19.51,901706.94,1.13,5.58,20.158,20.808,20.704,749892.91,829285.13,903090.08,35.52
2017-05-15,19.82,20.89,20.27,19.71,697853.19,0.11,0.55,19.824,21.028,20.691,693247.82,843862.49,911365.03,27.49
2017-05-12,19.58,20.96,20.16,19.41,801214.56,0.3,1.51,19.774,21.213,20.708,679177.26,858531.19,934571.62,31.56
2017-05-11,18.95,20.0,19.86,18.29,624532.06,0.76,3.98,20.19,21.344,20.714,718731.23,914226.54,938407.97,24.6
2017-05-10,19.96,20.67,19.1,18.7,724157.81,-0.63,-3.19,20.964,21.588,20.643,861563.71,972889.93,973272.63,28.53
2017-05-09,19.21,19.88,19.73,18.61,618481.5,-0.29,-1.45,21.458,21.705,20.56,908677.34,1008373.9,939395.49,24.36
2017-05-08,22.24,22.42,20.02,20.02,627500.38,-2.22,-9.98,22.232,21.575,20.367,994477.15,1021252.56,922115.64,24.72
2017-05-05,23.1,23.34,22.24,21.6,998984.38,-1.49,-6.28,22.652,21.372,20.087,1037885.13,1049235.83,921940.44,39.35
2017-05-04,21.11,23.73,23.73,21.11,1338694.5,2.16,10.01,22.498,21.031,19.63,1109721.85,1019848.71,883084.75,52.73
2017-05-03,23.0,23.49,21.57,21.53,959725.94,-2.03,-8.6,22.212,20.673,19.04,1084216.15,970119.27,823415.59,37.81
2017-05-02,22.29,23.87,23.6,21.05,1047480.56,1.48,6.69,21.952,20.599,18.503,1108070.46,976895.04,777508.11,41.26
2017-04-28,21.24,22.48,22.12,20.89,844540.25,0.65,3.03,20.918,20.354,17.862,1048027.96,978867.56,728052.93,33.27
2017-04-27,22.81,24.27,21.47,21.35,1358168.0,-0.83,-3.72,20.092,20.202,17.316,1060586.52,1010612.05,687686.48,53.5
2017-04-26,19.8,22.3,22.3,19.66,1211166.0,2.03,10.02,19.564,20.083,16.811,929975.57,962589.41,621099.48,47.71
2017-04-25,18.75,20.27,20.27,18.48,1078997.5,1.84,9.98,19.134,19.697,16.263,856022.39,973655.34,562759.92,42.5
2017-04-24,17.66,19.09,18.43,17.61,747268.06,0.44,2.45,19.246,19.415,15.826,845719.62,870417.08,511278.64,29.44
2017-04-21,18.65,20.39,17.99,17.58,907333.06,-0.84,-4.46,19.79,19.158,15.482,909707.16,822978.71,476750.32,35.74
2017-04-20,20.0,20.38,18.83,18.37,705113.25,-1.32,-6.55,20.312,18.801,15.165,960637.57,794645.06,433410.36,27.78
2017-04-19,19.8,20.53,20.15,18.76,841400.06,-0.68,-3.27,20.602,18.229,14.812,995203.25,746320.8,400464.89,33.14
2017-04-18,20.71,22.98,20.83,20.4,1027483.69,-0.32,-1.51,20.26,17.406,14.396,1091288.29,676711.91,362128.74,40.48
2017-04-17,19.8,22.5,21.15,19.77,1067205.75,0.55,2.67,19.584,16.407,13.933,895114.54,578121.18,313112.26,42.04
2017-04-14,21.2,21.55,20.6,19.56,1161985.12,0.32,1.58,18.526,15.37,13.457,736250.26,477238.3,261971.5,45.77
2017-04-13,17.6,20.28,20.28,17.22,877941.62,1.84,9.98,17.29,14.43,13.0,628652.54,364760.9,205141.03,34.58
2017-04-12,17.38,19.2,18.44,16.88,1321825.25,0.99,5.67,15.856,13.539,12.562,497438.34,279609.56,163267.53,52.07
2017-04-11,17.45,17.45,17.45,17.45,46614.95,1.59,10.03,14.552,12.829,12.219,262135.53,151864.5,99282.64,1.84
2017-04-10,15.86,15.86,15.86,15.77,272884.38,1.44,9.99,13.23,12.237,11.919,261127.81,152140.2,97970.58,10.75
2017-04-07,13.5,14.42,14.42,13.24,623996.5,1.31,9.99,12.214,11.805,11.701,218226.34,130521.92,86038.56,24.58
2017-04-06,12.28,13.11,13.11,12.0,221870.64,1.19,9.98,11.57,11.528,11.561,100869.27,72175.67,56515.4,8.74
2017-04-05,11.92,11.92,11.92,11.76,145311.19,1.08,9.96,11.222,11.394,11.492,61780.77,54608.99,47778.63,5.72
2017-03-31,10.8,10.89,10.84,10.7,41576.35,0.06,0.56,11.106,11.386,11.482,41593.47,47545.57,42898.63,1.64
2017-03-30,11.27,11.27,10.78,10.75,58377.03,-0.42,-3.75,11.244,11.459,11.517,43152.59,48103.35,42442.54,2.3
2017-03-29,11.36,11.45,11.2,11.13,37211.12,-0.17,-1.5,11.396,11.544,11.555,42817.5,46704.7,41365.28,1.47
2017-03-28,11.33,11.45,11.37,11.32,26428.18,0.03,0.27,11.486,11.569,11.577,43482.07,45521.16,43447.87,1.04
2017-03-27,11.52,11.53,11.34,11.33,44374.65,-0.19,-1.65,11.566,11.585,11.582,47437.2,46925.5,43854.96,1.75
2017-03-24,11.46,11.54,11.53,11.33,49371.98,-0.01,-0.09,11.666,11.609,11.587,53497.67,46700.78,43273.44,1.94
2017-03-23,11.66,11.74,11.54,11.32,56701.58,-0.11,-0.94,11.674,11.601,11.585,53054.11,43800.95,43129.73,2.23
2017-03-22,11.67,11.72,11.65,11.53,40533.94,-0.12,-1.02,11.692,11.597,11.584,50591.89,41555.19,42605.01,1.6
2017-03-21,11.81,11.84,11.77,11.67,46203.83,-0.07,-0.59,11.652,11.593,11.584,47560.25,40855.13,43693.8,1.82
2017-03-20,11.48,11.88,11.84,11.48,74677.01,0.27,2.33,11.604,11.59,11.569,46413.8,40948.27,43223.46,2.94
2017-03-17,11.66,11.72,11.57,11.42,47154.17,-0.06,-0.52,11.552,11.577,11.546,39903.9,38251.69,41447.72,1.86
2017-03-16,11.47,11.65,11.63,11.43,44390.5,0.18,1.57,11.528,11.575,11.53,34547.8,36781.74,41125.14,1.75
2017-03-15,11.5,11.54,11.45,11.39,25375.72,-0.08,-0.69,11.502,11.565,11.523,32518.49,36025.86,40957.37,1.0
2017-03-14,11.63,11.72,11.53,11.49,40471.62,-0.05,-0.43,11.534,11.584,11.52,34150.02,41374.58,42028.3,1.59
2017-03-13,11.52,11.58,11.58,11.37,42127.47,0.13,1.14,11.576,11.578,11.522,35482.73,40784.42,42016.94,1.66
2017-03-10,11.5,11.54,11.45,11.42,20373.69,-0.05,-0.43,11.602,11.564,11.517,36599.48,39846.1,42612.4,0.8
2017-03-09,11.57,11.64,11.5,11.44,34243.97,-0.11,-0.95,11.622,11.569,11.525,39015.68,42458.5,46426.88,1.35
2017-03-08,11.75,11.75,11.61,11.53,33533.34,-0.13,-1.11,11.628,11.57,11.522,39533.22,43654.83,47028.33,1.32
2017-03-07,11.75,11.8,11.74,11.66,47135.2,0.03,0.26,11.634,11.574,11.51,48599.14,46532.47,47314.4,1.86
2017-03-06,11.57,11.71,11.71,11.56,47711.21,0.16,1.39,11.58,11.547,11.486,46086.11,45498.64,46218.65,1.88
2017-03-03,11.47,11.56,11.55,11.32,32454.69,0.02,0.17,11.526,11.515,11.465,43092.72,44643.75,46004.7,1.28
2017-03-02,11.65,11.69,11.53,11.49,36831.64,-0.11,-0.94,11.516,11.484,11.438,45901.32,45468.55,45216.65,1.45
2017-03-01,11.47,11.75,11.64,11.43,78862.98,0.17,1.48,11.512,11.48,11.414,47776.44,45888.88,44439.47,3.11
2017-02-28,11.44,11.56,11.47,11.4,34570.01,0.03,0.26,11.514,11.456,11.385,44465.8,42682.02,41788.57,1.36
2017-02-27,11.49,11.56,11.44,11.42,32744.3,-0.06,-0.52,11.514,11.465,11.36,44911.18,43249.45,41953.21,1.29
2017-02-24,11.49,11.59,11.5,11.33,46497.66,-0.01,-0.09,11.504,11.469,11.334,46194.77,45378.69,42087.36,1.83
2017-02-23,11.68,11.7,11.51,11.4,46207.24,-0.14,-1.2,11.452,11.48,11.299,45035.77,50395.26,41831.27,1.82
2017-02-22,11.49,11.68,11.65,11.49,62309.81,0.18,1.57,11.448,11.473,11.254,44001.33,50401.83,41220.51,2.45
2017-02-21,11.35,11.5,11.47,11.34,36796.87,0.08,0.7,11.398,11.446,11.195,40898.24,48096.33,39924.36,1.45
2017-02-20,11.19,11.39,11.39,11.16,39162.25,0.15,1.33,11.416,11.425,11.15,41587.73,46938.67,40872.62,1.54
2017-02-17,11.5,11.55,11.24,11.21,40702.7,-0.25,-2.18,11.434,11.414,11.105,44562.61,47365.65,42335.09,1.6
2017-02-16,11.36,11.52,11.49,11.32,41035.03,0.09,0.79,11.508,11.391,11.103,55754.75,44964.75,41749.36,1.62
2017-02-15,11.49,11.51,11.4,11.31,46794.35,-0.16,-1.38,11.498,11.347,11.097,56802.33,42990.05,41270.92,1.84
2017-02-14,11.47,11.69,11.56,11.43,40244.3,0.08,0.7,11.494,11.313,11.108,55294.42,40895.12,40904.38,1.59
2017-02-13,11.61,11.61,11.48,11.35,54036.68,-0.13,-1.12,11.434,11.254,11.111,52289.6,40656.96,41174.24,2.13
2017-02-10,11.46,11.83,11.61,11.41,96663.39,0.17,1.49,11.394,11.199,11.129,50168.69,38796.04,40356.51,3.81
2017-02-09,11.41,11.56,11.44,11.28,46272.94,0.06,0.53,11.274,11.118,11.137,34174.76,33267.27,37912.04,1.82
2017-02-08,11.26,11.43,11.38,11.24,39254.81,0.12,1.07,11.196,11.035,11.155,29177.77,32039.19,37660.57,1.55
2017-02-07,11.21,11.34,11.26,11.18,25220.2,-0.02,-0.18,11.132,10.944,11.174,26495.81,31752.39,37497.19,0.99
2017-02-06,10.91,11.38,11.28,10.91,43432.12,0.27,2.45,11.074,10.874,11.198,29024.32,34806.58,38287.32,1.71
2017-02-03,11.03,11.05,11.01,10.91,16693.72,-0.04,-0.36,11.004,10.795,11.215,27423.38,37304.52,37714.45,0.66
2017-01-26,11.13,11.14,11.05,10.88,21288.02,-0.01,-0.09,10.962,10.814,11.244,32359.79,38533.98,38768.27,0.84
2017-01-25,10.93,11.13,11.06,10.93,25844.99,0.09,0.82,10.874,10.847,11.281,34900.61,39551.78,40297.65,1.02
2017-01-24,10.89,11.09,10.97,10.76,37862.73,0.04,0.37,10.756,10.903,11.307,37008.97,40913.65,40247.85,1.49
2017-01-23,10.82,10.95,10.93,10.72,35427.44,0.13,1.2,10.674,10.968,11.334,40588.84,41691.52,40044.59,1.4
2017-01-20,10.56,10.91,10.8,10.51,41375.77,0.19,1.79,10.586,11.058,11.352,47185.66,41916.99,39547.0,1.63
2017-01-19,10.47,10.63,10.61,10.31,33992.12,0.14,1.34,10.666,11.156,11.382,44708.16,42556.8,39314.72,1.34
2017-01-18,10.51,10.62,10.47,10.46,36386.78,-0.09,-0.85,10.82,11.274,11.427,44202.96,43281.94,39387.39,1.43
2017-01-17,10.5,10.63,10.56,10.23,55762.1,0.07,0.67,11.05,11.404,11.479,44818.33,43241.99,39267.78,2.2
2017-01-16,11.2,11.2,10.49,10.17,68411.53,-0.71,-6.34,11.262,11.522,11.528,42794.19,41768.06,39498.23,2.69
2017-01-13,11.38,11.46,11.2,11.18,28988.27,-0.18,-1.58,11.53,11.634,11.568,36648.31,38124.38,38074.87,1.14
2017-01-12,11.58,11.68,11.38,11.36,31466.11,-0.24,-2.06,11.646,11.674,11.56,40405.43,39002.57,39345.26,1.24
2017-01-11,11.59,11.72,11.62,11.53,39463.66,0.0,0.0,11.728,11.715,11.532,42360.92,41043.52,39327.25,1.55
2017-01-10,11.82,11.85,11.62,11.61,45641.37,-0.21,-1.77,11.758,11.71,11.499,41665.65,39582.06,39008.2,1.8
2017-01-09,11.68,11.85,11.83,11.64,37682.14,0.05,0.42,11.782,11.699,11.462,40741.93,38397.66,40038.53,1.48
2017-01-06,11.88,11.92,11.78,11.63,47773.89,-0.01,-0.09,11.738,11.645,11.451,39600.45,37177.02,39460.5,1.88
2017-01-05,11.8,11.89,11.79,11.75,41243.56,0.02,0.17,11.702,11.607,11.448,37599.7,36072.64,38824.52,1.62
2017-01-04,11.73,11.91,11.77,11.7,35987.3,0.03,0.26,11.702,11.58,11.449,39726.11,35492.84,38568.16,1.42
2017-01-03,11.72,11.76,11.74,11.55,41022.76,0.13,1.12,11.662,11.554,11.44,37498.46,35293.56,38492.4,1.62
2016-12-30,11.6,11.78,11.61,11.5,31974.74,0.01,0.09,11.616,11.534,11.432,36053.38,37228.41,38786.18,1.21
2016-12-29,11.71,11.82,11.6,11.59,37770.16,-0.19,-1.61,11.552,11.501,11.428,34753.58,38025.36,40717.73,1.43
2016-12-28,11.58,11.85,11.79,11.52,51875.6,0.22,1.9,11.512,11.445,11.445,34545.58,39687.96,41698.97,1.97
2016-12-27,11.51,11.6,11.57,11.46,24849.04,0.06,0.52,11.458,11.349,11.442,31259.57,37610.98,41665.81,0.94
2016-12-26,11.24,11.58,11.51,11.16,33797.38,0.22,1.95,11.446,11.287,11.448,33088.66,38434.34,44341.49,1.28
2016-12-23,11.4,11.57,11.29,11.23,25475.73,-0.11,-0.96,11.452,11.224,11.477,38403.43,41679.4,46068.63,0.97
2016-12-22,11.52,11.52,11.4,11.32,36730.15,-0.12,-1.04,11.45,11.257,11.514,41297.14,41743.98,49293.81,1.39
2016-12-21,11.56,11.63,11.52,11.42,35445.56,0.01,0.09,11.378,11.289,11.552,44830.33,41576.41,51931.08,1.34
2016-12-20,11.46,11.61,11.51,11.38,33994.47,-0.03,-0.26,11.24,11.317,11.586,43962.38,41643.47,54959.81,1.29
2016-12-19,11.29,11.63,11.54,11.21,60371.23,0.26,2.31,11.128,11.326,11.63,43780.03,41691.24,58016.85,2.29
2016-12-16,11.05,11.28,11.28,11.0,39944.3,0.24,2.17,10.996,11.33,11.663,44955.37,40343.95,58151.14,1.51
2016-12-15,10.83,11.16,11.04,10.8,54396.1,0.21,1.94,11.064,11.354,11.708,42190.81,43410.09,60027.82,2.06
2016-12-14,10.96,11.03,10.83,10.81,31105.82,-0.12,-1.1,11.2,11.445,11.773,38322.48,43709.98,61740.38,1.18
2016-12-13,10.83,10.98,10.95,10.75,33082.68,0.07,0.64,11.394,11.534,11.839,39324.55,45720.65,63910.92,1.25
2016-12-12,11.59,11.68,10.88,10.85,66247.97,-0.74,-6.37,11.524,11.609,11.905,39602.46,50248.64,66992.29,2.51
2016-12-09,11.73,11.78,11.62,11.6,26121.47,-0.1,-0.85,11.664,11.73,11.968,35732.54,50457.87,68446.83,0.99
2016-12-08,11.81,11.86,11.72,11.68,35054.47,-0.08,-0.68,11.644,11.771,11.99,44629.38,56843.65,72257.4,1.33
2016-12-07,11.6,11.84,11.8,11.6,36116.18,0.2,1.72,11.69,11.815,11.999,49097.47,62285.76,75039.32,1.37
2016-12-06,11.6,11.76,11.6,11.58,34472.22,0.02,0.17,11.674,11.854,11.994,52116.75,68276.14,77119.58,1.31
2016-12-05,11.42,11.69,11.58,11.34,46898.34,0.06,0.52,11.694,11.934,12.007,60894.83,74342.46,78703.39,1.78
2016-12-02,11.94,11.95,11.52,11.51,70605.67,-0.43,-3.6,11.796,11.995,12.024,65183.2,75958.33,80578.39,2.68
2016-12-01,11.68,12.0,11.95,11.68,57394.95,0.23,1.96,11.898,12.061,12.046,69057.93,76645.54,85464.52,2.18
2016-11-30,11.7,11.83,11.72,11.6,51212.55,0.02,0.17,11.94,12.101,12.038,75474.05,79770.78,86869.93,1.94
2016-11-29,12.09,12.13,11.7,11.6,78362.62,-0.39,-3.23,12.034,12.144,12.034,84435.54,82101.18,87236.51,2.97
2016-11-28,12.06,12.18,12.09,11.98,68340.21,0.06,0.5,12.174,12.201,12.033,87790.1,83735.93,87875.52,2.59
2016-11-25,12.09,12.18,12.03,11.84,89979.3,-0.13,-1.07,12.194,12.205,12.017,86733.47,86435.78,88129.35,3.41
2016-11-24,12.23,12.37,12.16,12.1,89475.55,-0.03,-0.25,12.224,12.208,12.012,84233.16,87671.14,90767.95,3.39
2016-11-23,12.37,12.52,12.19,12.18,96020.01,-0.21,-1.69,12.262,12.183,11.991,84067.52,87792.89,89866.26,3.64
2016-11-22,12.16,12.45,12.4,12.13,95135.43,0.21,1.72,12.254,12.133,11.962,79766.82,85963.01,88961.96,3.61
2016-11-21,12.11,12.26,12.19,12.11,63057.05,0.01,0.08,12.228,12.079,11.918,79681.77,83064.32,87571.74,2.39
2016-11-18,12.37,12.4,12.18,12.15,77477.75,-0.17,-1.38,12.216,12.053,11.894,86138.1,85198.46,87721.33,2.94
2016-11-17,12.12,12.35,12.35,12.02,88647.36,0.2,1.65,12.192,12.03,11.872,91109.13,94283.49,90049.37,3.36
2016-11-16,12.29,12.35,12.15,12.12,74516.53,-0.12,-0.98,12.104,11.975,11.83,91518.25,93969.07,89080.41,2.83
2016-11-15,12.13,12.28,12.27,11.97,94710.15,0.14,1.15,12.012,11.924,11.785,92159.2,92371.84,89429.01,3.59
2016-11-14,12.06,12.26,12.13,12.02,95338.69,0.07,0.58,11.93,11.864,11.751,86446.86,92015.11,88220.85,3.61
2016-11-11,11.92,12.15,12.06,11.87,102332.9,0.15,1.26,11.89,11.828,11.724,84258.81,89822.92,86960.6,3.88
2016-11-10,11.78,11.97,11.91,11.74,90692.98,0.22,1.88,11.868,11.815,11.703,97457.86,93864.75,86862.21,3.44
2016-11-09,11.81,11.94,11.69,11.51,77721.29,-0.17,-1.43,11.846,11.798,11.68,96419.9,91939.64,85568.65,2.95
2016-11-08,11.96,12.02,11.86,11.84,66148.46,-0.07,-0.59,11.836,11.79,11.667,92584.47,91960.91,84887.87,2.51
2016-11-07,11.89,12.05,11.93,11.75,84398.44,-0.02,-0.17,11.798,11.757,11.635,97583.35,92079.17,84292.18,3.2
2016-11-04,12.1,12.36,11.95,11.89,168328.12,0.15,1.27,11.766,11.734,11.599,95387.03,90244.2,85240.28,6.38
2016-11-03,11.58,11.85,11.8,11.58,85503.18,0.16,1.38,11.762,11.713,11.549,90271.65,85815.25,79083.62,3.24
2016-11-02,11.71,11.76,11.64,11.61,58544.14,-0.1,-0.85,11.75,11.684,11.51,87459.38,84191.74,79102.27,2.22
2016-10-28,11.8,11.96,11.67,11.66,91142.85,-0.1,-0.85,11.744,11.646,11.488,91337.35,86486.19,80843.84,3.46
2016-10-27,11.87,11.87,11.77,11.66,73416.88,-0.16,-1.34,11.716,11.638,11.488,86574.99,84426.6,81471.16,2.78
2016-10-26,11.76,12.07,11.93,11.61,142751.2,0.19,1.62,11.702,11.62,11.476,85101.37,84098.28,82317.03,5.41
2016-10-25,11.61,11.75,11.74,11.57,71441.83,0.13,1.12,11.664,11.591,11.452,81358.85,79859.67,79176.06,2.71
2016-10-24,11.53,11.68,11.61,11.4,77933.99,0.08,0.69,11.618,11.562,11.444,80924.1,79197.67,81094.03,2.95
2016-10-21,11.64,11.75,11.53,11.4,67331.05,-0.17,-1.45,11.548,11.543,11.447,81635.03,77814.83,82917.14,2.55
2016-10-20,11.74,11.82,11.7,11.61,66048.79,-0.04,-0.34,11.56,11.513,11.452,82278.21,76505.2,85390.89,2.5
2016-10-19,11.52,11.77,11.74,11.52,124038.57,0.23,2.0,11.538,11.463,11.446,83095.19,80236.36,89486.26,4.7
2016-10-18,11.3,11.52,11.51,11.2,69268.1,0.25,2.22,11.518,11.384,11.425,78360.49,72352.0,92787.62,2.63
2016-10-17,11.52,11.69,11.26,11.24,81488.63,-0.33,-2.85,11.506,11.336,11.45,77471.24,74012.8,104908.44,3.09
2016-10-14,11.54,11.77,11.59,11.5,70546.94,0.0,0.0,11.538,11.329,11.498,73994.63,75201.5,123420.92,2.67
2016-10-13,11.62,11.67,11.59,11.48,70133.71,-0.05,-0.43,11.466,11.338,11.533,70732.19,78515.71,129285.43,2.66
2016-10-12,11.41,11.64,11.64,11.37,100365.05,0.19,1.66,11.388,11.332,11.511,77377.53,80535.78,130045.45,3.81
2016-10-11,11.43,11.48,11.45,11.33,64821.85,0.03,0.26,11.25,11.312,11.48,66343.51,78492.44,128797.8,2.46
2016-10-10,11.2,11.46,11.42,11.2,64105.59,0.19,1.69,11.166,11.325,11.451,70554.36,82990.39,128756.42,2.43
2016-09-30,11.08,11.27,11.23,11.05,54234.75,0.03,0.27,11.12,11.351,11.421,76408.36,88019.45,128370.19,2.06
2016-09-29,11.03,11.49,11.2,11.02,103360.41,0.25,2.28,11.21,11.391,11.405,86299.24,94276.58,128362.08,3.92
2016-09-28,11.06,11.07,10.95,10.86,45194.95,-0.08,-0.72,11.276,11.428,11.396,83694.03,98736.15,129053.66,1.71
2016-09-27,11.1,11.19,11.03,10.8,85876.1,-0.16,-1.43,11.374,11.466,11.391,90641.38,113223.24,130090.86,3.26
2016-09-26,11.6,11.69,11.19,11.15,93375.61,-0.49,-4.2,11.484,11.563,11.374,95426.42,135804.07,128508.27,3.54
2016-09-23,11.54,11.74,11.68,11.43,103689.12,0.15,1.3,11.582,11.667,11.349,99630.53,171640.35,126263.37,3.93
2016-09-22,11.55,11.69,11.53,11.5,90334.37,0.09,0.79,11.572,11.727,11.306,102253.93,180055.15,124270.51,3.43
2016-09-21,11.55,11.58,11.44,11.37,79931.7,-0.14,-1.21,11.58,11.69,11.265,113778.28,179555.11,122473.95,3.03
2016-09-20,11.6,11.95,11.58,11.4,109801.3,-0.1,-0.86,11.558,11.648,11.224,135805.1,179103.16,120962.47,4.16
2016-09-19,11.65,11.87,11.68,11.51,114396.17,0.05,0.43,11.642,11.576,11.183,176181.73,174522.45,118626.18,4.34
2016-09-14,11.4,11.63,11.63,11.22,116806.1,0.06,0.52,11.752,11.49,11.144,243650.17,168720.94,117350.3,4.43
2016-09-13,11.52,11.77,11.57,11.35,147956.11,0.24,2.12,11.882,11.418,11.101,257856.38,162447.57,114323.9,5.61
2016-09-12,11.42,11.75,11.33,11.31,190065.81,-0.67,-5.58,11.8,11.363,11.057,245331.95,159371.16,110565.3,7.21
2016-09-09,12.19,12.68,12.0,11.9,311684.44,-0.23,-1.88,11.738,11.315,11.024,222401.23,146958.48,104303.43,11.82
2016-09-08,12.66,12.66,12.23,11.97,451738.38,-0.05,-0.41,11.51,11.185,10.946,172863.17,121212.47,90801.56,17.13
2016-09-07,11.2,12.28,12.28,11.16,187837.17,1.12,10.04,11.228,11.03,10.853,93791.71,80886.39,71301.54,7.12
2016-09-06,11.02,11.18,11.16,10.85,85333.97,0.14,1.27,10.954,10.884,10.771,67038.75,68485.86,64426.06,3.24
2016-09-05,10.89,11.09,11.02,10.83,75412.18,0.16,1.47,10.926,10.839,10.747,73410.37,65392.79,63369.89,2.86
2016-09-02,10.8,10.9,10.86,10.65,63994.16,0.04,0.37,10.892,10.8,10.725,71515.74,62821.78,62869.08,2.43
2016-09-01,10.89,11.04,10.82,10.81,56381.07,-0.09,-0.82,10.86,10.789,10.707,69561.78,62729.91,63623.9,2.14
2016-08-31,10.95,10.99,10.91,10.82,54072.39,-0.11,-1.0,10.832,10.797,10.692,67981.06,65979.67,63132.89,2.05
2016-08-30,10.81,11.1,11.02,10.81,117192.03,0.17,1.57,10.814,10.784,10.673,69932.96,66200.24,62796.51,4.44
2016-08-29,10.66,10.9,10.85,10.63,65939.05,0.15,1.4,10.752,10.75,10.649,57375.21,61759.43,59244.53,2.5
2016-08-26,10.7,10.81,10.7,10.63,54224.34,0.02,0.19,10.708,10.732,10.63,54127.82,61648.37,59654.33,2.06
2016-08-25,10.73,10.77,10.68,10.56,48477.5,-0.14,-1.29,10.718,10.706,10.638,55898.05,60390.65,60207.83,1.84
2016-08-24,10.69,10.93,10.82,10.67,63831.87,0.11,1.03,10.762,10.675,10.652,63978.28,61716.7,63982.83,2.42
2016-08-23,10.63,10.83,10.71,10.6,54403.29,0.08,0.75,10.754,10.658,10.672,62467.52,60366.27,72474.82,2.06
2016-08-22,10.76,10.78,10.63,10.61,49702.09,-0.12,-1.12,10.748,10.655,10.712,66143.66,61347.0,73266.63,1.88
2016-08-19,10.91,10.91,10.75,10.69,63075.48,-0.15,-1.38,10.756,10.649,10.756,69168.92,62916.37,76029.91,2.39
2016-08-18,10.8,10.96,10.9,10.67,88878.66,0.12,1.11,10.694,10.625,10.781,64883.24,64517.89,76676.99,3.37
2016-08-17,10.68,10.79,10.78,10.64,56278.07,0.1,0.94,10.588,10.586,10.802,59455.12,60286.12,78355.15,2.13
2016-08-16,10.63,10.76,10.68,10.63,72783.98,0.01,0.09,10.562,10.562,10.841,58265.02,59392.78,84691.51,2.76
2016-08-15,10.45,10.69,10.67,10.41,64828.41,0.23,2.2,10.562,10.547,10.871,56550.33,56729.62,83963.68,2.46
2016-08-12,10.4,10.45,10.44,10.3,41647.1,0.07,0.68,10.542,10.528,10.895,56663.83,57660.29,84098.43,1.58
2016-08-11,10.64,10.72,10.37,10.35,61738.06,-0.28,-2.63,10.556,10.57,10.933,64152.54,60025.01,87043.64,2.34
2016-08-10,10.63,10.72,10.65,10.61,50327.54,-0.03,-0.28,10.584,10.628,10.991,61117.11,66248.96,89233.18,1.91
2016-08-09,10.57,10.7,10.68,10.53,64210.56,0.11,1.04,10.562,10.685,11.037,60520.54,84583.37,96915.62,2.43
2016-08-08,10.55,10.58,10.57,10.39,65395.87,0.06,0.57,10.532,10.769,11.083,56908.91,85186.26,102056.81,2.48
2016-08-05,10.52,10.54,10.51,10.32,79090.69,0.0,0.0,10.514,10.862,11.125,58656.76,89143.44,105381.4,3.0
2016-08-04,10.57,10.57,10.51,10.4,46560.89,-0.03,-0.28,10.584,10.936,11.17,55897.47,88836.09,109396.76,1.77
2016-08-03,10.52,10.56,10.54,10.43,47344.7,0.01,0.1,10.672,11.018,11.226,71380.81,96424.18,120334.58,1.8
2016-08-02,10.48,10.58,10.53,10.4,46152.41,0.05,0.48,10.808,11.12,11.279,108646.2,109990.24,132260.49,1.75
2016-08-01,10.71,10.88,10.48,10.38,74135.12,-0.38,-3.5,11.006,11.195,11.344,113463.61,111197.74,153172.74,2.81
2016-07-29,10.95,11.15,10.86,10.8,65294.25,-0.09,-0.82,11.21,11.262,11.387,119630.12,110536.56,155493.87,2.48
2016-07-28,11.1,11.18,10.95,10.68,123977.59,-0.27,-2.41,11.288,11.296,11.359,121774.71,114062.26,155963.91,4.7
2016-07-27,11.71,11.94,11.22,10.88,233671.62,-0.3,-2.6,11.364,11.353,11.325,121467.54,112217.39,153003.25,8.86
2016-07-26,11.41,11.56,11.52,11.36,70239.45,0.02,0.17,11.432,11.389,11.275,111334.28,109247.87,145537.16,2.66
2016-07-25,11.35,11.58,11.5,11.33,104967.67,0.25,2.22,11.384,11.397,11.21,108931.87,118927.37,147045.29,3.98
2016-07-22,11.3,11.37,11.25,11.15,76017.2,-0.08,-0.71,11.314,11.387,11.138,101443.0,121619.36,145297.34,2.88
2016-07-21,11.49,11.64,11.33,11.32,122441.75,-0.23,-1.99,11.304,11.404,11.069,106349.82,129957.44,145847.9,4.64
2016-07-20,11.37,11.74,11.56,11.3,183005.31,0.28,2.48,11.342,11.433,11.006,102967.25,144244.98,143072.22,6.94
2016-07-19,11.11,11.28,11.28,11.1,58227.43,0.13,1.17,11.346,11.438,10.929,107161.47,154530.74,137007.11,2.21
2016-07-18,11.2,11.26,11.15,11.0,67523.31,-0.05,-0.45,11.41,11.493,10.856,128922.86,195147.73,137715.03,2.56
2016-07-15,11.38,11.44,11.2,11.16,100551.29,-0.32,-2.78,11.46,11.511,10.797,141795.71,200451.18,137417.35,3.81
2016-07-14,11.41,11.62,11.52,11.36,105528.92,-0.06,-0.52,11.504,11.421,10.728,153565.06,197865.56,135214.76,4.0
2016-07-13,11.82,12.1,11.58,11.54,203976.38,-0.02,-0.17,11.524,11.296,10.644,185522.71,193789.1,132733.62,7.73
2016-07-12,11.45,11.66,11.6,11.12,167034.41,0.2,1.75,11.53,11.161,10.558,201900.01,181826.45,126024.26,6.33
2016-07-11,11.43,11.63,11.4,11.35,131887.55,-0.02,-0.17,11.576,11.022,10.452,261372.61,175163.21,119841.91,5.0
2016-07-08,11.56,11.6,11.42,11.33,159398.03,-0.2,-1.72,11.562,10.889,10.357,259106.64,168975.33,116643.82,6.04
